{"c8": [{"end": 26188160, "major_cn": 1, "start": 20000786, "cell_prev": [0.043460763679], "chrom": "20", "minor_cn": 0}], "c3": [{"end": 242985493, "major_cn": 2, "start": 95326507, "cell_prev": [0.651911455185], "chrom": "2", "minor_cn": 1}], "c2": [{"end": 48101335, "major_cn": 2, "start": 15279270, "cell_prev": [0.666398376411], "chrom": "21", "minor_cn": 1}], "c1": [{"end": 14141638, "major_cn": 2, "start": 125371, "cell_prev": [0.692029083196], "chrom": "18", "minor_cn": 1}], "c0": [{"end": 78017073, "major_cn": 2, "start": 18567538, "cell_prev": [0.77], "chrom": "18", "minor_cn": 1}], "c7": [{"end": 75083479, "major_cn": 2, "start": 40047129, "cell_prev": [0.555331980343], "chrom": "12", "minor_cn": 1}], "c6": [{"end": 165595418, "major_cn": 1, "start": 163240408, "cell_prev": [0.610865178377], "chrom": "3", "minor_cn": 0}], "c5": [{"end": 79998834, "major_cn": 2, "start": 25270079, "cell_prev": [0.63610754112], "chrom": "17", "minor_cn": 1}], "c4": [{"end": 92266269, "major_cn": 2, "start": 38938, "cell_prev": [0.646798424164], "chrom": "2", "minor_cn": 1}]}